geo_id,store,enviRating,qualRating,서블레이팅,food_id,food_category,district,food_category2,ratingCount,menu
1,그 몇 해 동안 마라탕,,,,221,맛있는 음식 마라탕,장안구,마라탕,2,그 몇 년 동안 마라탕은 그 해 마라탕이었다
1,강기쇠고기 열간면,3.53,3.52,3.52,2983,미식_열간면,장안구,열간면,1,강기쇠고기 열간면 강기쇠고기 열간면
1,파계생분면점,3.64,3.63,3.63,1817,맛있는 음식점,장안구,분식집,1,발계생분면 가게 발계생분면
1,왕장훙가정식백반,3.71,3.71,3.71,1783,맛있는 요리,장안구,가정식 요리,4,왕장훙가정식백반 요리 왕장훙가정식백반 요리
1,특색 요화관 황장닭밥,3.58,3.58,3.58,34295,미식_황장닭,장안구,황장계,1,특색 요화관 황장닭밥 특색 요화관 황장닭밥
1,둥베이채만두집,,,,27823,미식_동북 가정식 요리,장안구,둥베이가정식백반,1,둥베이요리 만두집 둥베이요리 만두집 해방대로
1,생선을 물에 넣어 삶다,3.57,3.56,3.57,4583,미식_산채어/삶은 물고기,장안구,산채어/물고기,1,"물고기 삶는 것을 기억하고,물고기 삶는 것을 기억하다"
1,쥐샹룽음식점,3.62,3.7,3.59,210,미식_패스트푸드 간식,장안구,패스트푸드 간식,14,쥐샹룽음식점 쥐샹룽음식점
1,쥐신 쌀실 마라탕,3.71,3.7,3.7,221,맛있는 음식 마라탕,장안구,마라탕,2,쥐신 쌀실 마라탕 쥐신 쌀실 마라탕
1,살루트피자,3.61,3.62,3.59,116,미식,장안구,양식,10,(한국) 사루드 피자 루터 피자 노동거리
1,펑지러간면,3.6,3.62,3.6,2983,미식_열간면,장안구,열간면,25,펑지러간면 펑지러간면 노동가
1,샹러칭환갑,3.58,3.58,3.58,210,미식_패스트푸드 간식,장안구,패스트푸드 간식,2,향기롭고 매운정 환갑과 매운정 환갑
1,양품점,3.91,3.94,3.88,223,간식,장안구,간식,29,량핀뎬량핀뎬쯔싼양루
1,소가 많다,3.63,3.63,3.63,210,미식_패스트푸드 간식,장안구,패스트푸드 간식,5,소가 많으면 소가 많다
1,전통중의약연구소,,,,217,먹을거리,장안구,간식,1,전통중의약연구소 고양전통중의약연구소
1,동서 융합,,,,116,미식,장안구,양식,571,동서 융합동서 융합삼양로
1,형제 패스트푸드점,3.51,3.55,3.51,210,미식_패스트푸드 간식,장안구,패스트푸드 간식,3,형제 두 명의 패스트푸드점 형제 두 명의 패스트푸드
1,샤오산춘투차이뎬,3.55,3.55,3.55,25474,미식 농가 요리,장안구,농가 요리,2,소산촌 토채집 소산촌 토채집
1,금사발 요리,3.48,3.48,3.48,210,미식_패스트푸드 간식,장안구,패스트푸드 간식,1,금잔과 금잔과 채소를 곁들이다
1,황장닭밥,3.59,3.6,3.6,34295,미식_황장닭,장안구,황장계,5,황장닭밥 황장닭밥 삼양로
1,황장닭밥,3.59,3.6,3.6,34295,미식_황장닭,장안구,황장계,5,황장닭밥 황장닭밥 삼양로
1,밥솥밥을 먹다,3.54,3.7,3.67,118,미식_기타 미식,장안구,기타 미식,15,복솥밥을 먹고 복솥밥을 먹다
1,집 주방 노모가 새우를 굽다,3.61,3.62,3.64,104,맛있는 음식,장안구,호남요리,12,가정주방 노모가 새우를 굽고 가정주방 노모가 새우를 굽다
1,특색 요화관 해방대로,3.59,3.59,3.59,1817,맛있는 음식점,장안구,분식집,1,특색 요화관 해방대로 특색 요화관 해방대로
1,정신닭갈비,3.55,3.54,3.55,32708,미식_치킨튀김,장안구,닭꼬치 튀김,1,새 닭갈비 새 닭갈비
1,074 미스탕,,,,210,미식_패스트푸드 간식,장안구,패스트푸드 간식,3,074 미스탕아가씨 074미스탕아가씨
1,강음강식,3.9,3.97,3.96,210,미식_패스트푸드 간식,장안구,패스트푸드 간식,15,음료를 얘기하고 음료를 얘기하다
1,날마다 밀가루를 데우다,3.48,3.44,3.49,2983,미식_열간면,장안구,열간면,8,매일같이 뜨거운 밀가루는 매일같이 뜨거운 밀가루다
1,루이훈툰,3.72,3.78,3.64,213,미식 훈툰이 편식하다,장안구,훈툰이 편식을 베끼다,22,여의훈툰 삼양로
1,마라샹궈,3.54,3.54,3.54,4469,맛있는 음식 냄비,장안구,냄비,2,마라샹궈마라샹궈
1,야채 냄비 새끼 밥 한 그릇,,,,210,미식_패스트푸드 간식,장안구,패스트푸드 간식,1,작은 그릇의 채소 밥과 작은 그릇의 채소 밥.
1,원연 과일 도매,3.53,3.52,3.52,34285,미식점,장안구,과일가게,1,원연 과일 도매 원연 과일 도매
1,파이러버거,3.69,3.65,3.54,238,미식_서양식 간식,장안구,서양식 간식,132,파이러함부르크 파이러함부르크 해방
1,신즈다상업무역,,,,217,먹을거리,장안구,간식,1,신즈다상업무역신즈다상업무역
1,불고기 일절,3.51,3.5,3.51,508,불고기,장안구,불고기,3,불고기 일절 불고기 일절
1,minuit ptisserie 심야 프랑스식 디저트,4.7,4.76,4.78,34246,디저트,장안구,디저트,618,minuit ptisserie 심야 프랑스식 디저트 minuit ptisserie 심야 프랑스식 디저트
1,퉁페이샹음식점,3.52,3.54,3.54,104,맛있는 음식,장안구,호남요리,4,뚱뚱한 호남요리집 뚱뚱한 호남요리집
1,특색 허리 꽃가루,3.51,3.68,3.64,34295,미식_황장닭,장안구,황장계,26,특색 허리 꽃가루 특색 허리 꽃가루 삼양로
1,원래 신선하다,3.64,3.63,3.63,34285,미식점,장안구,과일가게,1,번번셴번셴노동가
1,가루밥솥,3.68,3.68,3.68,112,먹을거리 패스트푸드,장안구,스낵과자,2,밀가루 밥솥과 밀가루 밥솥
2,에인절 커피 ANGELCOFEE,3.78,3.69,3.9,132,미식_커피숍,강하구,커피숍,70,천사 커피 ANGELCOFEE 천사 커피 ANGELCOFEE 흥신가
2,란산인샹,4.03,3.67,3.76,116,미식,강하구,양식,67,란산인샹 란산인샹
2,톈샹과수원,3.52,3.52,3.52,34285,미식점,강하구,과일가게,2,톈샹과수원 톈샹과수원 부흥
2,황관싱푸리,3.76,3.83,3.83,34245,미식 빵 베이킹,강하구,빵을 베이킹하다,2,왕관행복리 왕관행복리 북화거리
2,취룡각농가요리,3.49,3.48,3.48,25474,미식 농가 요리,강하구,농가 요리,1,취룡각 농가요리 취룡각 농가요리
2,영안 두피두사,3.56,3.56,3.56,27795,맛있는 음식,강하구,콩가루,3,영안 두피두사 영안 두피두사
2,신왕눙자다위안,3.53,3.55,3.53,25474,미식 농가 요리,강하구,농가 요리,10,신왕농가대원흠왕농가대원북화가
2,닭이 튀었다,3.53,3.56,3.55,32708,미식_치킨튀김,강하구,닭꼬치 튀김,5,닭이 튀겨 닭이 튀었다
2,쩡스푸 소고기가루,3.53,3.52,3.52,27797,미식_소고기가루,강하구,쇠고기가루,1,증사부 소고기가루 증사부 소고기가루
2,슈티팡,3.53,3.53,3.53,252,미식_기타 중식,강하구,기타 중식,1,슈티팡 슈티팡
2,진기자장면관,3.53,3.53,3.53,2983,미식_열간면,강하구,열간면,1,진기자장면관 진기자장면관 북화가
2,희양양고기가루,3.54,3.56,3.54,27797,미식_소고기가루,강하구,쇠고기가루,5,희색양고기가루 희색양고기가루
2,소소간식,3.53,3.53,3.53,217,먹을거리,강하구,간식,1,소소 간식 소소 간식
2,창칭마이샹위안,3.59,3.58,3.59,2983,미식_열간면,강하구,열간면,1,창칭마이샹위안 창칭마이샹위안
2,스타 셀프 패스트푸드,,,,210,미식_패스트푸드 간식,강하구,패스트푸드 간식,1,"스타 셀프 패스트푸드, 스타 셀프 패스트푸드"
2,원대로각 중경미개구리머리,,,,3027,미식 샤브샤브,강하구,생선전골,6,원대로각 중경미개구리머리 원대로각 중경미개구리머리 강하
2,사현 먹을거리,3.51,3.52,3.55,210,미식_패스트푸드 간식,강하구,패스트푸드 간식,2,사현 먹거리 사현 먹거리 신북로
2,궁스푸 쇠고기 분국집,3.51,3.51,3.51,27797,미식_소고기가루,강하구,쇠고기가루,1,공사부 소고기분국집 공사부 소고기분국집
2,강심 어부,,,,34243,미식_해산물,강하구,해산물,1,장신위자 장신위자 즈팡
2,노한구,,,,210,미식_패스트푸드 간식,강하구,패스트푸드 간식,5,노한구 노한구
2,특색 혼돈,3.5,3.51,3.52,213,미식 훈툰이 편식하다,강하구,훈툰이 편식을 베끼다,4,특색 혼돈 특색 혼돈
2,샤오완쯔패스트푸드점,3.53,3.53,3.53,210,미식_패스트푸드 간식,강하구,패스트푸드 간식,1,샤오페이쯔 패스트푸드점 샤오페이쯔 패스트푸드
2,회민바비큐,,,,508,불고기,강하구,불고기,8,회민바비큐
2,본맛 솥밥,3.53,3.53,3.53,210,미식_패스트푸드 간식,강하구,패스트푸드 간식,10,소금에 절인 소금에 절인 소금에 절인 소금에 절인 밥
2,장선케이크,3.63,3.63,3.65,34245,미식 빵 베이킹,강하구,빵을 베이킹하다,24,장선케이크 장선케이크 터미널
2,엄생바비큐,3.6,3.81,3.6,508,불고기,강하구,불고기,10,엄생불고기 엄생불고기
2,풍령실 정교한 일재,3.92,3.81,3.87,33924,미식 스시,강하구,스시,13,풍령방 정교한 일재 풍령방
2,루이푸팡,3.6,3.59,3.59,4319,미식_후베이요리/가정식 요리,강하구,후베이요리,4,루이푸팡 루이푸팡
2,바이스 사오 플래그십 스토어,3.76,3.81,3.75,508,불고기,강하구,불고기,5,바이스 sao 플래그십 스토어 바이스 sao 플래그십
2,강남떡,3.86,3.79,3.86,34245,미식 빵 베이킹,강하구,빵을 베이킹하다,5,강남떡 강남떡
2,장선케이크,3.7,3.68,3.57,34245,미식 빵 베이킹,강하구,빵을 베이킹하다,48,장선케이크 장선케이크 신흥가
2,자오사부바비큐,3.53,3.53,3.53,4447,미식_융합 불고기,강하구,융합식 불고기,1,조씨 아저씨 불고기 조씨 불고기
2,호기 경제소볶음향 누룽지밥,3.52,3.52,3.52,1783,맛있는 요리,강하구,가정식 요리,1,호기 경제소볶음향 누룽지밥 호기 경제소볶음향 누룽지밥
2,대중식당,3.65,3.64,3.65,252,미식_기타 중식,강하구,기타 중식,2,대중식당 대중식당 베이화가
2,소씨랍스터,3.67,3.67,3.67,219,미식 새우,강하구,샤오룽샤,9,소씨랍스터 소씨랍스터
2,다뉴특색 쇠고기 밀가루 가게,3.6,3.59,3.59,1817,맛있는 음식점,강하구,분식집,3,대우 특색 쇠고기 분국집 대우 특색 쇠고기 분국집
2,장기북방떡점,3.49,3.48,3.48,217,먹을거리,강하구,간식,1,장기는 북방의 떡을 깔고 장기는 북방의 떡집을 기억한다
2,촨샹투음식점,3.53,3.53,3.52,4467,미식_사천요리 가정식백반 요리,강하구,쓰촨요리 가정식 요리,2,촨샹투음식점 촨샹투음식점
2,썬빈라오음식점,3.67,3.69,3.61,4317,할로겐맛 오리목,강하구,할로겐맛 오리목,14,삼빈할로음식점 삼빈할로음식점
2,뚱뚱한 누나 철판구이,3.72,4.07,3.76,508,불고기,강하구,불고기,34,뚱뚱한 누나는 철판을 굽고 뚱뚱한 누나는 철판을 굽는다
3,천길,,,,34245,미식 빵 베이킹,차오커우구,빵을 베이킹하다,1,천길천길
3,식재흠원,,,,210,미식_패스트푸드 간식,차오커우구,패스트푸드 간식,1,식재흠원 식재흠원
3,양품점,3.78,3.8,3.77,223,간식,차오커우구,간식,4,량핀뎬량핀뎬쯔리지난루
3,매운엄마의 신선한 과일을 건지다,3.55,3.57,3.54,34285,미식점,차오커우구,과일가게,2,매운엄마의 신선한 과일은 매운엄마의 신선한 과일을 건진다
3,장난런자,3.52,3.52,3.52,34257,미식_소절요리,차오커우구,소절채,1,장난런런런장난런자
3,하오다다지파이(호대닭갈비),,,,217,먹을거리,차오커우구,간식,1,(한국) 호대닭갈비 호대닭갈비 리제북로
3,정전 바비큐,3.47,3.73,3.69,508,불고기,차오커우구,불고기,5,정전 바비큐
3,형초미식,,,,118,미식_기타 미식,차오커우구,기타 미식,1,형초미식 형초미식
3,남기 서북손으로 밀가루 반죽을 밀다,3.45,3.44,3.45,1817,맛있는 음식점,차오커우구,분식집,1,남기 서북손 밀면 남기 서북손 밀면
3,도블리테아,,,,210,미식_패스트푸드 간식,차오커우구,패스트푸드 간식,5,DoubleteaDoubletea
3,꼬치꼬치 매운향 특색 바비큐,3.56,3.59,3.59,508,불고기,차오커우구,불고기,3,꼬치꼬치 매운향 특색 바비큐
3,검은 형수 우육면집,,,,27797,미식_소고기가루,차오커우구,쇠고기가루,2,검은 형수 우육면관 검은 형수 우육면관
3,차를 바치다,3.83,3.75,3.77,34237,미식 차음주스,차오커우구,차음주스,7,궁차궁차한정가
3,난징 오리팬탕,,,,210,미식_패스트푸드 간식,차오커우구,패스트푸드 간식,1,남경오리팬탕 남경오리팬탕
3,촨샹음식점,3.67,3.71,3.71,104,맛있는 음식,차오커우구,호남요리,6,촨샹음식점 촨샹음식점
3,KFC,,,,210,미식_패스트푸드 간식,차오커우구,패스트푸드 간식,48,KFC KFC 무승
3,밥이 배불리 먹고 밥을 덮다,3.65,3.64,3.65,210,미식_패스트푸드 간식,차오커우구,패스트푸드 간식,1,"밥은 배불리 먹고, 밥은 배불리 먹고, 밥은 배불리 먹다."
3,샤오쓰촨,,,,4467,미식_사천요리 가정식백반 요리,차오커우구,쓰촨요리 가정식 요리,3,샤오쓰촨샤오쓰촨
3,하얼빈 만두,3.54,3.54,3.54,1819,미식만두,차오커우구,만두,1,하얼빈 만두
3,맛집,3.48,3.48,3.48,34257,미식_소절요리,차오커우구,소절채,1,맛집 맛집
3,맛집,3.48,3.48,3.48,34257,미식_소절요리,차오커우구,소절채,1,맛집 맛집
3,차이밍웨이,3.68,3.78,3.58,210,미식_패스트푸드 간식,차오커우구,패스트푸드 간식,39,차이밍웨이 차이밍웨이
3,일식 카레,3.59,3.6,3.55,224,미식_일본요리,차오커우구,일식,3,일식 카레 일식 카레 29중
3,라오핑베이팡만두집,3.54,3.53,3.56,1819,미식만두,차오커우구,만두,4,옛 평화북방 만두집 옛 평화북방 만두집
3,반하 카페,4.02,3.98,4.03,132,미식_커피숍,차오커우구,커피숍,97,반하 카페 반하 카페
3,미련한 새끼오리가 손으로 빵을 찢다,3.6,3.6,3.62,117,맛있는 빵 디저트,차오커우구,빵 디저트,3,미련한 새끼오리가 손으로 빵을 찢고 미련한 새끼오리가 손으로 빵을 뜯는 리제남로
3,가정식 요리,,,,1783,맛있는 요리,차오커우구,가정식 요리,1,가정식 반찬은 가정식 반찬이다.
3,맛있는 간장밥,3.44,3.47,3.52,210,미식_패스트푸드 간식,차오커우구,패스트푸드 간식,1,맛있는 간장밥 맛있는 간장밥
3,장언니 불고기밥,3.63,3.61,3.64,210,미식_패스트푸드 간식,차오커우구,패스트푸드 간식,13,장언니 불고기밥 장언니 불고기밥
3,제곱 키스 티,,,,34237,미식 차음주스,차오커우구,차음주스,7,키스를 하고 차를 마시며 차리제 북로에 키스하다
3,항음지항,,,,34237,미식 차음주스,차오커우구,차음주스,8,홍콩 음료의 홍콩 리지베이루
3,뉴러우신선다면가게,3.5,3.54,3.54,1817,맛있는 음식점,차오커우구,분식집,7,우락가마 선다면집 우락가마 선다면집
3,천자위면가게,,,,210,미식_패스트푸드 간식,차오커우구,패스트푸드 간식,2,진가어면집 진가어면가게
3,달짝지근하다,3.56,3.56,3.56,34237,미식 차음주스,차오커우구,차음주스,2,달짝지근하고 짠 개인집 밀크티 달짝지근하고 짠 개인집 밀크티
3,달지 않다,3.5,3.49,3.49,34237,미식 차음주스,차오커우구,차음주스,6,달지도 달지도 않고 달지도 않고 제북로도 달지도 않다
3,룽장돼지발밥,3.68,3.7,3.75,210,미식_패스트푸드 간식,차오커우구,패스트푸드 간식,9,융강 돼지발밥 융강 돼지발밥
3,옌위지,,,,210,미식_패스트푸드 간식,차오커우구,패스트푸드 간식,2,옌위지옌위지
3,연가주방장,3.57,3.57,3.57,210,미식_패스트푸드 간식,차오커우구,패스트푸드 간식,1,요리사에 연연하다
3,장자제특색 쌀가루,3.65,3.95,3.76,27797,미식_소고기가루,차오커우구,쇠고기가루,30,장가계 특색 쌀가루 장가계 특색 쌀가루
3,저우헤이아오,4.05,4.13,3.99,4317,할로겐맛 오리목,차오커우구,할로겐맛 오리목,196,주흑오리 주흑오리 무승로 가락복
4,리주방장 사발토채,3.71,3.78,3.68,25474,미식 농가 요리,동시후,농가 요리,22,리대주방장 사발토채 리대주방장 사발토채
4,고가집 전양구이,3.51,3.53,3.51,217,먹을거리,동시후,간식,1,높은 집에서 온 양을 굽고 높은 집에서 온 양을 굽다
4,차를 끓이다,3.82,3.74,3.78,34237,미식 차음주스,동시후,차음주스,6,미차미차이자
4,불고기 좀 주세요,,,,4447,미식_융합 불고기,동시후,융합식 불고기,1,불고기 좀 주세요
4,뉴샤오만음식점,3.53,3.53,3.53,118,미식_기타 미식,동시후,기타 미식,1,소 샤오만 음식점 소 샤오만 음식
4,산속의 아기 농가 요리,,,,25474,미식 농가 요리,동시후,농가 요리,1,산속의 아기 농가의 채소와 산속의 아기 농가의 채소
4,대머리 스퀘어 매운게,3.55,3.55,3.55,3023,미식_쓰촨샤브샤브,동시후,쓰촨훠궈,3,대머리 소방 매운게 대머리 소방 매운게
4,특색 요화재어면가게,3.56,3.56,3.55,217,먹을거리,동시후,간식,3,특색 요화재어면집 특색 요화재어면집
4,치지맥주화원,,,,217,먹을거리,동시후,간식,1,치맥 가든 치맥 가든
4,라오디팡호텔,3.57,3.65,3.61,4319,미식_후베이요리/가정식 요리,동시후,후베이요리,24,옛 지방 호텔 옛 지방
4,바수촨샹,,,,110,맛있는 음식_샤브샤브,동시후,샤브샤브,1,파촉 꼬치꼬치 향바촉 꼬치꼬치
4,시시콜콜 채소 한 그릇,3.55,3.54,3.55,210,미식_패스트푸드 간식,동시후,패스트푸드 간식,1,시시콜콜 채소 한 그릇 시시콜콜
4,동서호는 매일 술집을 평가한다.,3.53,3.54,3.53,25474,미식 농가 요리,동시후,농가 요리,3,동서호는 매일 술집을 평가하며 매일 술집을 평가합니다.
4,구삼자조 샤브샤브 스시,,,,25151,미식_일본식 셀프,동시후,일본식 셀프 서비스,3,자조 샤브샤브샤브샤브샤브샤브샤브샤브샤브샤브샤브샤브샤브샤브샤브샤브
4,죽길,,,,1821,맛있는 음식점,동시후,죽가게,41,죽도죽도동오대로
4,헤이룽장만두집,,,,1819,미식만두,동시후,만두,4,헤이룽장만두집 헤이룽장만두집
4,갖가지 맛,3.82,3.84,3.84,25474,미식 농가 요리,동시후,농가 요리,29,온갖 맛과 온갖 맛과 온갖 맛과 칠웅로
4,외할머니 완투자음식점,3.63,3.66,3.62,25474,미식 농가 요리,동시후,농가 요리,5,외할머니 완투자음식점 외할머니 완투자음식점
4,이씨 관부 요리,3.45,3.55,3.55,252,미식_기타 중식,동시후,기타 중식,2,이씨 관부 요리 이씨 관부 요리
4,훙파음식점,,,,210,미식_패스트푸드 간식,동시후,패스트푸드 간식,1,훙파음식점 훙파음식점
4,취애어화어샤브샤브,,,,3027,미식 샤브샤브,동시후,생선전골,6,취애어화어샤브샤브 취애어화어샤브샤브 동서호
4,다펀샤오몐(대분소면),,,,1817,맛있는 음식점,동시후,분식집,1,대분소면 대분소면 오환대로
4,밀크티,3.54,3.54,3.54,34237,미식 차음주스,동시후,차음주스,1,밀크티를 담그고 밀크티를 담그다
4,소마 고향 게집게,,,,34243,미식_해산물,동시후,해산물,7,소마 고향 매운게 집게 소마 고향 매운게 집게
4,차 안감,,,,34236,음식점,동시후,음료점,1,차리차리
4,특색 요화어면,3.51,3.51,3.51,217,먹을거리,동시후,간식,1,특색 요화 어면 특색 요화 어면
4,치미크 케이크,3.55,3.54,3.54,34245,미식 빵 베이킹,동시후,빵을 베이킹하다,4,치미크 케이크 치미크 케이크
4,고향 산채 물고기,,,,4583,미식_산채어/삶은 물고기,동시후,산채어/물고기,2,고향 산채생선 고향 산채생선
4,무란구리,3.63,3.62,3.52,4319,미식_후베이요리/가정식 요리,동시후,후베이요리,6,목란고리목란고리
4,디하오커피 중서융합식당,3.87,3.74,3.78,116,미식,동시후,양식,103,디하오커피 중서융합식당 디하오커피 중서융합식당
4,창칭마이샹위안,3.84,3.81,3.74,2983,미식_열간면,동시후,열간면,2,창칭마이샹위안 창칭마이샹위안 우환로
4,밥솥밥을 먹다,,,,210,미식_패스트푸드 간식,동시후,패스트푸드 간식,4,밥도 밥도 밥도 밥도 밥도 밥도 밥도 밥도 먹는다
4,웨이푸광음식점,3.54,3.53,3.53,207,미식 다식당,동시후,찻집,2,웨이푸광식 식당 웨이푸광식 식당
4,베이커우커피,,,,132,미식_커피숍,동시후,커피숍,2,베이커우 커피 베이커우 커피
4,양양우잡면,3.71,3.74,3.78,1817,맛있는 음식점,동시후,분식집,19,양양 우잡면 양양 우잡면 홍달광장
4,장량 마라탕,3.73,3.76,3.79,221,맛있는 음식 마라탕,동시후,마라탕,17,장량 마라탕 장량 마라탕 오륜대로 경궤
4,신농모대림쇠고기,3.67,3.78,3.64,27797,미식_소고기가루,동시후,쇠고기가루,37,신농모대림쇠고기 신농모대림쇠고기 오가산총
4,황관싱푸리,4.16,4.15,4.13,34245,미식 빵 베이킹,동시후,빵을 베이킹하다,410,왕관행복리 왕관행복리 020 오가산
4,황태후,3.55,3.46,3.46,210,미식_패스트푸드 간식,동시후,패스트푸드 간식,1,황태후 황태후
4,보조개 디저트,3.58,3.57,3.57,34246,디저트,동시후,디저트,3,보조개 디저트 보조개 홍달광장
5,봉자둥지,3.65,3.81,3.67,4319,미식_후베이요리/가정식 요리,강한구,후베이요리,21,(한국) 봉자라둥지 봉자라둥지 강탄
5,8시간 커피,,,,132,미식_커피숍,강한구,커피숍,2,8시간 커피 8시간 창항빌딩
5,Luckin coffee Rick,3.8,3.73,3.81,132,미식_커피숍,강한구,커피숍,29,Luckin coffee Luckin coffee Luckin 커피 롱텀에볼루션 빌딩
5,로만커피 수입품 전문도매,3.51,3.51,3.51,132,미식_커피숍,강한구,커피숍,1,로만커피 수입자재 전문도매 로만커피 수입자재 전문도매
5,맛있는 요리사 돼지배닭,3.58,3.57,3.58,32730,미식 돼지배닭샤브샤브,강한구,돼지배닭샤브샤브,2,좋은 요리사 돼지배닭과 좋은 요리사 돼지배닭
5,신옌생활관,,,,210,미식_패스트푸드 간식,강한구,패스트푸드 간식,4,심안생활관 심안생활관
5,진메이자커피,3.51,3.51,3.51,132,미식_커피숍,강한구,커피숍,1,김미네 커피 김미네 커피
5,샤오페이거우,3.56,3.55,3.55,110,맛있는 음식_샤브샤브,강한구,샤브샤브,1,"샤오페이, 샤오페이, 야식"
5,우한이쉬안식품유한회사,3.5,3.49,3.49,34245,미식 빵 베이킹,강한구,빵을 베이킹하다,2,우한이쉬안식품유한회사 이쉬안식품유한회사 치즈팡
5,후이후이위좡,3.53,3.53,3.53,4319,미식_후베이요리/가정식 요리,강한구,후베이요리,2,후이후이위좡후이위위어장
5,오크 커피,,,,132,미식_커피숍,강한구,커피숍,7,오크 커피 오크
5,코프커피,3.54,3.54,3.54,132,미식_커피숍,강한구,커피숍,1,코프커피 코프커피
5,KURF 코페·공장 체험점,3.71,3.58,3.66,132,미식_커피숍,강한구,커피숍,6,KURF COFE·공장 체험점 KURF COFE·공장 체험
5,대머리 할로겐,3.77,3.68,3.71,4319,미식_후베이요리/가정식 요리,강한구,후베이요리,25,대머리 할로민권로
5,블루마운틴 커피,3.84,3.82,3.93,132,미식_커피숍,강한구,커피숍,9,블루마운트 커피 블루마운트
5,자그마한,4.04,4.08,4.11,210,미식_패스트푸드 간식,강한구,패스트푸드 간식,35,약간의 수탑
5,스파게티,,,,116,미식,강한구,양식,2,스파게티 레스토랑
5,루보싱제·야시장,3.83,3.83,3.83,217,먹을거리,강한구,간식,9,노보행가·야시장 노보행가·야시장
5,Coffee Seven Cup 7잔,,,,132,미식_커피숍,강한구,커피숍,166,Coffee Seven Cup 7잔 커피 Coffee Seven Cup 7잔
5,구구장원 시칠면조,3.65,3.71,3.61,2887,맛있는 음식_토종 닭장,강한구,토종닭장,18,구구장원 시칠면조 구구장원 시칠면조
5,구구장원 시칠면조,3.65,3.71,3.61,2887,맛있는 음식_토종 닭장,강한구,토종닭장,18,구구장원 시칠면조 구구장원 시칠면조
5,부자 아이스크림,,,,241,미식_아이스크림,강한구,아이스크림,17,부자 아이스크림 부자 아이스크림
5,돈키호테,3.66,3.64,3.66,132,미식_커피숍,강한구,커피숍,12,돈키호테 돈키호테
5,하오다다지파이(호대닭갈비),3.66,3.84,3.79,32708,미식_치킨튀김,강한구,닭꼬치 튀김,7,Hai Tai Hai Hai Hai Hai Street
5,라임 채소 슈퍼마켓,,,,2714,미식 과일 생선,강한구,과일 생선,2,라임 채소 슈퍼마켓 라임 채소 슈퍼마켓
5,둥팡음식점,3.29,3.26,3.21,4319,미식_후베이요리/가정식 요리,강한구,후베이요리,17,둥팡음식부 둥팡음식부
5,한미발리,,,,219,미식 새우,강한구,샤오룽샤,8,한미 발리 한미 발리 황피 거리
5,란저우라면,3.72,3.79,3.78,1817,맛있는 음식점,강한구,분식집,12,란주라면 란주라면
5,하얼빈 만두집,3.52,3.55,3.55,1819,미식만두,강한구,만두,1,하얼빈 만두집 하얼빈 만두집 황피거리
5,소흑바비큐,3.76,3.83,3.82,4447,미식_융합 불고기,강한구,융합식 불고기,32,소흑불고기 소흑불고기
5,누룽지 향탕,3.55,3.51,3.55,27823,미식_동북 가정식 요리,강한구,둥베이가정식백반,6,누룽지 향탕 밥솥 바향 밥솥 밥.
5,강소어,3.55,3.58,3.55,4473,미식_생선구이,강한구,생선구이,2,생강소어 생강소어
5,삼자솥 24맛탕,,,,210,미식_패스트푸드 간식,강한구,패스트푸드 간식,5,삼자솥 24맛탕 삼자솥 24맛탕
5,류페이쯔가정식백반,4.19,4.6,4.34,4319,미식_후베이요리/가정식 요리,강한구,후베이요리,6494,류페이쯔가정식백반 류페이쯔가정식백반 황피거리
5,창칭마이샹위안,3.82,3.77,3.82,210,미식_패스트푸드 간식,강한구,패스트푸드 간식,8,창칭마이샹위안 창칭마이샹위안
5,링멍후이,3.57,3.57,3.6,223,간식,강한구,간식,3,령멍후이 령멍후이
5,양주인,7.4,7.4,7.3,1338,미식,강한구,개인용 요리,67,양주인 양주인
5,특색 요화관,3.5,3.49,3.49,217,먹을거리,강한구,간식,1,특색 요화관 특색 요화관
5,요리사,,,,210,미식_패스트푸드 간식,강한구,패스트푸드 간식,1,요리 대가인 요리 대사
5,시골 토박이 요리,3.51,3.5,3.5,25474,미식 농가 요리,강한구,농가 요리,1,시골의 토가채와 시골의 토가채소
6,우식다,,,,252,미식_기타 중식,차이뎬구,기타 중식,1,좋은 음식이 많으면 좋은 음식이 많다
6,차이나타운 광식 다식당,3.79,3.7,3.7,207,미식 다식당,차이뎬구,찻집,8,차이나타운 광식 다식당 차이나타운 광식 다식당
6,허지훈툰,3.49,3.68,3.64,213,미식 훈툰이 편식하다,차이뎬구,훈툰이 편식을 베끼다,2,혼돈은 어떻게 기억하는가? 혼돈은 어떻게 기억하는가?
6,궈웨이이,,,,34285,미식점,차이뎬구,과일가게,1,궈웨이이궈웨이광장
6,귀고로우 고기말이,,,,217,먹을거리,차이뎬구,간식,1,귀고기의 수육 말이 귀고기의 수육 말이
6,쥔쥔뉴러우몐관,3.42,3.34,3.48,27797,미식_소고기가루,차이뎬구,쇠고기가루,1,준준 우육면관 준준 우육면관
6,소파닭갈비,3.66,3.63,3.66,32708,미식_치킨튀김,차이뎬구,닭꼬치 튀김,7,소파닭갈비 소파닭갈비 행복로중학교
6,몽상 식량과 식용유 부식,3.55,3.54,3.54,34289,미식_더 많은 식품보건,차이뎬구,더 많은 식품 보건,1,몽상 식량과 식용유 부식 몽상 식량과 식용유 부식
6,헝다빙취안 왕라오지,,,,252,미식_기타 중식,차이뎬구,기타 중식,1,헝다빙취안 왕라오지헝다빙취안 왕라오지 창장일보 출하점
6,교두갈비,3.73,3.72,3.75,217,먹을거리,차이뎬구,간식,6,차오터우갈비교두갈비양광싱청
6,나씨오송자계,3.48,3.52,3.48,4319,미식_후베이요리/가정식 요리,차이뎬구,후베이요리,1,나씨 오송자계 나씨 오송자계
6,진쑤이호텔,3.46,3.55,3.51,205,맛있는 음식점,차이뎬구,광둥요리점,2,진쑤이호텔 진쑤이다호텔
6,라오청두쓰촨요리관,3.6,3.54,3.59,4467,미식_사천요리 가정식백반 요리,차이뎬구,쓰촨요리 가정식 요리,1,라오청두 쓰촨요리관 라오청두 쓰촨요리관 퉁신로
6,신점텅지탕관,3.47,3.54,3.6,112,먹을거리 패스트푸드,차이뎬구,스낵과자,1,신점텅지탕관 신점텅지탕관
6,시골 요리사,3.78,3.72,3.7,4319,미식_후베이요리/가정식 요리,차이뎬구,후베이요리,17,시골 요리사
6,루얼거우,3.64,3.64,3.64,210,미식_패스트푸드 간식,차이뎬구,패스트푸드 간식,3,"루이, 루이, 차이, 차이뎬"
6,"인펑담배와 술, 과일",3.52,3.51,3.51,34285,미식점,차이뎬구,과일가게,1,은봉 술담배 과일 은봉 술담배 과일
6,혀끝의 쌀실,3.51,3.51,3.51,112,먹을거리 패스트푸드,차이뎬구,스낵과자,1,혀끝의 쌀실 혀끝의 쌀실
6,중칭훠궈위좡,3.51,3.59,3.59,3027,미식 샤브샤브,차이뎬구,생선전골,3,충칭 샤브샤브 생선이 장중하게 샤브샤브 어장을 축하하다
6,코너 활어면가게,3.49,3.48,3.48,1817,맛있는 음식점,차이뎬구,분식집,1,코너 활어면가게 코너 활어면가게
6,코너 활어면가게,3.49,3.48,3.48,1817,맛있는 음식점,차이뎬구,분식집,1,코너 활어면가게 코너 활어면가게
6,촨웨이음식점,3.45,3.52,3.56,4467,미식_사천요리 가정식백반 요리,차이뎬구,쓰촨요리 가정식 요리,2,쓰촨요리 전문점 쓰촨요리 전문점
6,양우패스트푸드,3.51,3.51,3.51,210,미식_패스트푸드 간식,차이뎬구,패스트푸드 간식,1,양우패스트푸드 양우패스트푸드
6,일품콩꽃,3.7,3.73,3.7,112,먹을거리 패스트푸드,차이뎬구,스낵과자,6,일품콩꽃 일품콩꽃 행복로중학교
6,노한구 열간면,,,,2983,미식_열간면,차이뎬구,열간면,1,노한구 열간면 노한구 열간면 채전
6,우렁이가루,3.64,3.63,3.63,112,먹을거리 패스트푸드,차이뎬구,스낵과자,2,오성우렁이가루 오성우렁이가루
6,바이궈러,3.53,3.53,3.53,34285,미식점,차이뎬구,과일가게,1,바이궈러바이궈러
6,징추웨이빌딩,3.59,3.69,3.64,4319,미식_후베이요리/가정식 요리,차이뎬구,후베이요리,11,형초품위루형초품위루
6,쥐룽음식점,3.64,3.63,3.64,4319,미식_후베이요리/가정식 요리,차이뎬구,후베이요리,7,취룡식부 취룡식부
6,재래식 음식점,3.54,3.55,3.53,4467,미식_사천요리 가정식백반 요리,차이뎬구,쓰촨요리 가정식 요리,12,재래식 요리집
6,궈웨이이,3.46,3.45,3.46,34285,미식점,차이뎬구,과일가게,1,(中—藏)고이고이고이고이륙소(강
6,허치뎬샤위안,3.45,3.53,3.45,252,미식_기타 중식,차이뎬구,기타 중식,8,허치 전하 원합기 전하원
6,후샹후이,3.78,3.81,3.75,118,미식_기타 미식,차이뎬구,기타 미식,8,후샹후이후샹후이
6,한국식 치킨 맥주,3.8,3.84,3.8,32708,미식_치킨튀김,차이뎬구,닭꼬치 튀김,5,한국식 치킨 맥주 치킨
6,부생전 특색 소면,,,,1817,맛있는 음식점,차이뎬구,분식집,5,부생전 특색 소면 부생전 특색 소면
6,공안 쇠고기 천하 일절 어류 잡관,,,,3027,미식 샤브샤브,차이뎬구,생선전골,2,공안 쇠고기 천하 일절 어류 잡관 공안 쇠고기 천하 일절 어류 잡관 천하 일절 어류 잡관 천하 일절
6,개심칼국수,3.58,3.62,3.59,1817,맛있는 음식점,차이뎬구,분식집,3,활짝 핀 칼국수는 칼국수를 품는다
6,차이밍웨이,3.74,3.63,3.42,2983,미식_열간면,차이뎬구,열간면,7,차이밍웨이 차이밍웨이
6,양기죽 가게,3.59,3.58,3.58,1821,맛있는 음식점,차이뎬구,죽가게,1,양기죽 가게 양기죽 가게
6,샤오스푸 우육면관,3.51,3.52,3.51,1817,맛있는 음식점,차이뎬구,분식집,1,샤오사부 우육면관 샤오사부 우육면관
7,닭고기말이 튀김,,,,210,미식_패스트푸드 간식,한양,패스트푸드 간식,1,닭고기말이 닭고기말이 닭고기말이 닭고기말이 튀김
7,난로 보일러 헬멧,,,,112,먹을거리 패스트푸드,한양,스낵과자,3,난로 보일러 투구 보일러 투구 종가촌 귀원리
7,주방장,,,,210,미식_패스트푸드 간식,한양,패스트푸드 간식,1,주방장과 주방장은 은좌를 먹는다.
7,홍콩식. 소금에 절이다,3.6,3.6,3.6,210,미식_패스트푸드 간식,한양,패스트푸드 간식,3,홍콩식. 할로겐을 굽다. 할로겐을 굽다
7,솥에서 마라샹솥을 놀리다,3.73,3.78,3.78,210,미식_패스트푸드 간식,한양,패스트푸드 간식,6,"솥에서 마라샹궈를 놀리고, 솥에서 마라샹궈쭝자촌을 놀린다."
7,맛있는 고양이,3.68,3.84,3.87,4449,미식 꼬치구이,한양,꼬치구이,24,고양이가 맛있고 고양이가 맛있다
7,우당가,,,,210,미식_패스트푸드 간식,한양,패스트푸드 간식,1,소가 집안일을 맡다
7,좋고 신선한 과일과 채소,3.48,3.47,3.47,34285,미식점,한양,과일가게,2,좋고 신선한 과일과 채소가 좋고 신선한 과일과 채소가 있다
7,좌마모 개인집 요리,,,,1338,미식,한양,개인용 요리,1,왼쪽 엄마 개인 요리 왼쪽 엄마 개인 요리
7,할로겐닭,3.53,3.52,3.52,4317,할로겐맛 오리목,한양,할로겐맛 오리목,2,수탉과 수탉과 수탉과 수탉과 수탉의 총칭
7,윈난궈차오미셴,3.6,3.63,3.6,1817,맛있는 음식점,한양,분식집,6,운남과교미선 운남과교미선
7,농가 꼬치꼬치 볶음밥,3.51,3.5,3.5,210,미식_패스트푸드 간식,한양,패스트푸드 간식,1,농가의 작은 볶음 덮밥 농가의 작은 볶음 덮밥
7,열간면대왕,3.53,3.53,3.53,2983,미식_열간면,한양,열간면,1,열간면대왕 열간면대왕
7,찐빵을 찌다,3.72,3.81,3.84,217,먹을거리,한양,간식,9,찐빵을 찌고 찐빵을 찌다
7,장기병점,3.53,3.53,3.53,34245,미식 빵 베이킹,한양,빵을 베이킹하다,1,장기병점 장기병
7,새우게가게,3.6,3.59,3.59,34243,미식_해산물,한양,해산물,2,작은 새우와 게는 작은 새우와 게를 나른다
7,인쭤샤오해산물,,,,34243,미식_해산물,한양,해산물,70,인쭤샤오해산물 인쭤샤오해산물
7,연잎찜집,3.52,3.7,3.69,1817,맛있는 음식점,한양,분식집,13,연잎 찜질방 연잎 찜질방 총괄
7,매우 신선하다,3.53,3.53,3.53,210,미식_패스트푸드 간식,한양,패스트푸드 간식,1,천생 만생 선북성 시장
7,요리사가 있으면 신선하다,3.53,3.53,3.53,210,미식_패스트푸드 간식,한양,패스트푸드 간식,1,요리사가 있으면 요리사가 선북성 시장을 낳는다
7,매우 신선하다,3.53,3.53,3.53,210,미식_패스트푸드 간식,한양,패스트푸드 간식,1,천생 만생 선북성 시장
7,요리사가 있으면 신선하다,3.53,3.53,3.53,210,미식_패스트푸드 간식,한양,패스트푸드 간식,1,요리사가 있으면 요리사가 선북성 시장을 낳는다
7,차이썬,,,,210,미식_패스트푸드 간식,한양,패스트푸드 간식,1,차이썬차이썬베이청성생선시장
7,베이청샤오사발채,,,,210,미식_패스트푸드 간식,한양,패스트푸드 간식,2,북성 소사발 북성 소사발 요리
7,제각소뼈,3.61,3.6,3.61,112,먹을거리 패스트푸드,한양,스낵과자,1,제방뿔소뼈 제방뿔소뼈
7,과일 장수,3.61,3.6,3.67,34285,미식점,한양,과일가게,3,신선한 과일장인 신선한 과일장인 종가촌
7,대만 주먹밥,3.78,3.71,3.86,210,미식_패스트푸드 간식,한양,패스트푸드 간식,4,대만 주먹밥
7,신시대 패스트푸드,3.48,3.48,3.48,4467,미식_사천요리 가정식백반 요리,한양,쓰촨요리 가정식 요리,1,신시대 패스트푸드 신시대 패스트푸드
7,밀가루 핵심 간식,,,,210,미식_패스트푸드 간식,한양,패스트푸드 간식,2,밀가루 핵심 간식면 핵심 간식
7,소맥,3.65,3.64,3.64,210,미식_패스트푸드 간식,한양,패스트푸드 간식,3,소맥소맥
7,탕추위음식점,3.48,3.52,3.47,210,미식_패스트푸드 간식,한양,패스트푸드 간식,1,파프리카 레스토랑 파프리카 레스토랑
7,헤이룽장만두집,3.64,3.63,3.64,1819,미식만두,한양,만두,5,헤이룽장만두집 헤이룽장만두집
7,새우왕장작아궁이,7.1,7.2,7.1,4319,미식_후베이요리/가정식 요리,한양,후베이요리,25,새우왕장작 새우왕장작
7,교두갈비,,,,112,먹을거리 패스트푸드,한양,스낵과자,2,교두갈비 교두갈비 중방
7,샤오량 새우찜,3.41,3.39,3.25,34243,미식_해산물,한양,해산물,4,샤오량 새우찜 샤오량 새우찜 종가마을
7,활어마을,3.75,3.74,3.86,4467,미식_사천요리 가정식백반 요리,한양,쓰촨요리 가정식 요리,22,생선마을 생선마을
7,북성흑참깨죽,3.53,3.53,3.53,217,먹을거리,한양,간식,1,북성의 검은 참깨와 북성의 검은 참깨죽
7,맥주 오리구이,3.7,3.58,3.69,210,미식_패스트푸드 간식,한양,패스트푸드 간식,3,맥주 오리구이 오리구이 맥주 오리구이
7,핀탕팡,,,,217,먹을거리,한양,간식,76,핀탕팡핀탕팡 쭝자촌
7,고양이 유치원 고양이 카탁여행,4.05,4.03,4.14,132,미식_커피숍,한양,커피숍,33,고양이 유치원 고양이 카탁에서 놀자 고양이 유치원 고양이 카탁에서 놀자
8,대금기 포주비우닭,3.81,3.84,3.81,210,미식_패스트푸드 간식,훙산구,패스트푸드 간식,6,대금기 포즙 살찐 소닭 대금기 포즙 살찐 소닭 남호
8,양칭호 대게,3.76,3.74,3.76,203,미식_대게,훙산구,대게,11,양청호 대게양청호 대게찜
8,유부오리,,,,4465,미식_숙식훈장,훙산구,베이컨,10,(한국) 류부오리류부 오리남호 건안
8,palatable Para의 식탁,3.52,3.51,3.51,132,미식_커피숍,훙산구,커피숍,2,palatable Para의 식탁 palatable Para의 식탁
8,답안차,,,,34237,미식 차음주스,훙산구,차음주스,5,답안차 답안차
8,야채 이끼 쇠고기 분국집,3.48,3.5,3.51,27797,미식_소고기가루,훙산구,쇠고기가루,4,채태자 소고기분국집 채태자 소고기분국집
8,진건쇠고기 우잡면집,3.59,3.58,3.58,1817,맛있는 음식점,훙산구,분식집,1,김근 쇠고기 우잡면집 김근 쇠고기 우잡면집
8,다화음식점,,,,252,미식_기타 중식,훙산구,기타 중식,2,다화음식점 다화음식점
8,플레이어 커피,3.59,3.58,3.58,132,미식_커피숍,훙산구,커피숍,1,플레이어 커피 플레이어
8,맛여의평가음식점,,,,252,미식_기타 중식,훙산구,기타 중식,1,여의평가 요릿집 여의평가 요릿집 홍산구
8,정품선과원,3.53,3.52,3.52,34285,미식점,훙산구,과일가게,1,정품선과원 정품선과원 남호
8,어느 집,3.75,3.68,3.79,224,미식_일본요리,훙산구,일식,57,어느 집 어느 집 남호 월마트
8,헤이룽장만두집,3.51,3.5,3.5,1819,미식만두,훙산구,만두,4,헤이룽장만두집 헤이룽장만두집
8,고양이 케이크 고양이 카페,4.09,4.14,4.16,132,미식_커피숍,훙산구,커피숍,38,고양이 케이크 고양이 커피숍이 있고 고양이 케이크 고양이 커피숍이 있습니다.
8,자연 백미 닭,4.24,4.34,4.27,4465,미식_숙식훈장,훙산구,베이컨,329,쯔옌바이웨이지쯔옌바이웨이지바오리루
8,랴오지야구 닭고기볶음,3.8,3.79,3.8,4465,미식_숙식훈장,훙산구,베이컨,15,료기야구닭 료기구계중앙공관
8,이롄거,,,,4319,미식_후베이요리/가정식 요리,훙산구,후베이요리,1,이롄거이롄거
8,서씨생선,3.59,3.59,3.59,34286,생선,훙산구,생생하다,1,서씨생선 서씨생선
8,노모가 밥을 데우다,3.56,3.6,3.55,210,미식_패스트푸드 간식,훙산구,패스트푸드 간식,2,어머니는 밥을 지으시고 어머니는 밥을 지으신다
8,란저우정통 소고기라면,3.59,3.59,3.6,1817,맛있는 음식점,훙산구,분식집,4,란저우정통 소고기라면 란저우정통 소고기라면
8,요리사,3.52,3.52,3.52,4467,미식_사천요리 가정식백반 요리,훙산구,쓰촨요리 가정식 요리,1,훌륭한 요리사
8,노한구,3.61,3.6,3.6,2983,미식_열간면,훙산구,열간면,2,노한구 노한구
8,후이자음식점,3.46,3.48,3.48,4319,미식_후베이요리/가정식 요리,훙산구,후베이요리,1,후이자메이식청 후이자메이식청
8,일면 중경 소면,3.83,3.85,3.85,1817,맛있는 음식점,훙산구,분식집,18,일면 충칭 소면 일면 충칭 소면
8,훙후런자,3.85,3.95,3.9,4319,미식_후베이요리/가정식 요리,훙산구,후베이요리,69,훙후런자 훙후런자 수청루
8,거문고 식악회 미식 거리,3.58,3.59,3.6,252,미식_기타 중식,훙산구,기타 중식,5,현금식악회 미식거리 현금식악회 미식거리
8,북경식 참깨떡,3.52,3.51,3.51,34245,미식 빵 베이킹,훙산구,빵을 베이킹하다,2,베이징(北京)의 향기로운 참깨떡과 베이징(北京)의 향기로운 참깨떡
8,선부두 가정식 요리,3.69,3.73,3.63,1783,맛있는 요리,훙산구,가정식 요리,8,선부두 가정식백반 선부두 가정식백반
8,타오위안야간청,3.65,3.77,3.78,508,불고기,훙산구,불고기,24,도원야간성 도원야간성 서성로
8,대하 조림 게살볶음,,,,219,미식 새우,훙산구,샤오룽샤,2,도게바람 오칠기름 대하 조림 오칠기름 대하 조림
8,충칭마라탕,,,,221,맛있는 음식 마라탕,훙산구,마라탕,1,충칭 마라탕 충칭 마라탕
8,궈푸둬,3.61,3.6,3.6,34285,미식점,훙산구,과일가게,2,궈푸둬궈푸둬바오리중앙공관
8,양양래라우육면,,,,1817,맛있는 음식점,훙산구,분식집,7,양양래라우육면 양양래라우육면
8,피자바바,,,,116,미식,훙산구,양식,4,피자바피자바난호
8,lansi cake 개인 맞춤형,3.6,3.61,3.61,34245,미식 빵 베이킹,훙산구,빵을 베이킹하다,3,lansi cake 개인 맞춤형 lansi cake 개인 맞춤형
8,도게바람 홍호 맑은 물게찜,,,,203,미식_대게,훙산구,대게,1,도게 바람 홍호 맑은 물 대게 모두 게바람 홍호 맑은 물 대게
8,쉐징선바오(설정선포),3.56,3.55,3.63,1881,미식 만두,훙산구,만두,1,설정선포 설정선포
8,바오춘셴왕장,3.93,3.94,3.92,34236,음식점,훙산구,음료점,52,바오춘셴왕장바오춘셴왕장난호
8,바이궈위안,3.89,3.73,3.87,34285,미식점,훙산구,과일가게,25,바이궈위안 바이궈위안 바오안푸위안
8,카니발 한식 뷔페 샤브샤브,3.47,3.46,3.47,114,미식_한식,훙산구,한식,1,카니발 한식 뷔페 샤브샤브 카니발 한식 뷔페 샤브샤브
9,쾌락레저식품,,,,210,미식_패스트푸드 간식,황피구,패스트푸드 간식,1,이맛의 쾌락레저식품 이맛의 쾌락레저식품
9,샹다오음식점,,,,26483,미식,황피구,산동요리,1,샹다오음식점 샹다오음식점
9,입이 시큼하다,,,,112,먹을거리 패스트푸드,황피구,스낵과자,1,큰 입에는 시큼한 가루가 있고 큰 입에는 시큼한 가루가 있다
9,웨이푸성다뉴러우면,,,,210,미식_패스트푸드 간식,황피구,패스트푸드 간식,1,위부생파우육면 위부생파우육면
9,달콤한 식당,,,,4319,미식_후베이요리/가정식 요리,황피구,후베이요리,2,달달한 레스토랑 달달한 레스토랑
9,좋은 맛의 가정식 요리,3.51,3.51,3.51,1783,맛있는 요리,황피구,가정식 요리,1,좋은 맛의 가정식 요리 좋은 맛의 가정식 요리
9,홍운 먹을거리,,,,210,미식_패스트푸드 간식,황피구,패스트푸드 간식,1,홍운 먹을거리 홍운 먹을거리
9,왕주방장 새우청,3.64,3.7,3.7,4467,미식_사천요리 가정식백반 요리,황피구,쓰촨요리 가정식 요리,2,왕주방장 새우성 왕주방장 새우성
9,늘 아침밥을 먹다,,,,252,미식_기타 중식,황피구,기타 중식,1,항상 아침마다 아침마다 아침마다
9,바비큐,3.43,3.41,3.43,508,불고기,황피구,불고기,2,바비큐 바비큐
9,"좋아, 다시 불고기",3.65,3.68,3.61,4447,미식_융합 불고기,황피구,융합식 불고기,3,"좋아, 다시 와서 구워라, 다시 와서 료황만 구워라. (巴金 《家》)"
9,바위바비큐,3.62,3.73,3.73,4447,미식_융합 불고기,황피구,융합식 불고기,2,바비큐 바비큐
9,샤오장가정식백반,3.51,3.51,3.51,1783,맛있는 요리,황피구,가정식 요리,1,샤오장가정식백반 샤오장가정식백반 진슈다오
9,주터우조사궈지탕관,3.6,3.7,3.71,4319,미식_후베이요리/가정식 요리,황피구,후베이요리,8,구두조사솥 닭탕관 구두조사솥 닭탕관
9,톈톈훙음식점,3.48,3.48,3.48,4319,미식_후베이요리/가정식 요리,황피구,후베이요리,1,매일 레스토랑 매일 레스토랑
9,520 불고기,3.7,3.8,3.63,4447,미식_융합 불고기,황피구,융합식 불고기,7,520불고기 520불고기
9,전파러우,3.53,3.52,3.52,132,미식_커피숍,황피구,커피숍,3,전파러우전파러우
9,라오한커우 러간면가게,3.56,3.56,3.56,2983,미식_열간면,황피구,열간면,1,라오한커우 러간면집 라오한커우 러간면가게
9,쭝헝호텔,3.94,3.78,3.76,111,뷔페,황피구,뷔페,12,쭝헝호텔 종횡대
9,핀상차음식점,3.75,3.74,3.76,207,미식 다식당,황피구,찻집,36,핀상차음식점 핀상차음식점
9,핀상차음식점,3.75,3.74,3.76,207,미식 다식당,황피구,찻집,36,핀상차음식점 핀상차음식점
9,7할은 음식점을 좋아한다,,,,210,미식_패스트푸드 간식,황피구,패스트푸드 간식,8,"7할은 음식점을 좋아하고,7할은 음식점을 좋아한다"
9,차오톈먼,4.01,3.95,3.87,34060,맛있는 음식_사천식 샤브샤브/마라샤브,황피구,매운샤브샤브,227,차오톈먼 차오톈먼 황피
9,양품점,3.5,3.51,3.33,223,간식,황피구,간식,4,양품점 양품점 바이슈가
9,집에 가서 밥을 먹다,4.09,4.04,3.97,1783,맛있는 요리,황피구,가정식 요리,77,친히 집에 가서 밥을 먹고 친히 집에 가서 밥을 먹는다
9,구운 적이 있어요,3.57,3.56,3.57,508,불고기,황피구,불고기,2,구운 적이 있어요. 구운 적이 있어요.
9,스지메이식청,,,,210,미식_패스트푸드 간식,황피구,패스트푸드 간식,2,스지메이식청 스지메이식청
9,사장님을 일찍 만나다,3.48,3.51,3.51,1817,맛있는 음식점,황피구,분식집,1,사장이 일찍 사장을 만나자.
9,경억,,,,132,미식_커피숍,황피구,커피숍,2,경억경억
9,우유가정식백반,3.48,3.48,3.48,1783,맛있는 요리,황피구,가정식 요리,1,친구에게는 가정식사가 있고 친구에게는 가정식사가 있다
9,만객륭양 전갈,3.54,3.54,3.54,1805,미식 양전갈 샤브샤브,황피구,양전갈전골,3,만객륭양 전갈 만객륭양 전갈
9,성허위안음식점,3.49,3.48,3.48,205,맛있는 음식점,황피구,광둥요리점,1,성허위안음식점 성허위안음식점
9,빅토리아 커피 어차,3.55,3.56,3.55,132,미식_커피숍,황피구,커피숍,15,빅토리아 커피차 빅토리아 커피차
9,톈샹과수원,3.82,3.71,3.75,34285,미식점,황피구,과일가게,32,톈샹과수원 톈샹과수원 톈츠
9,허푸순 양생냄비,,,,4469,맛있는 음식 냄비,황피구,냄비,6,화복순은 양생하여 솥을 삶고 복순은 양생하여 황피에 뜸을 들인다
9,룽청치 특색 면가게,,,,1817,맛있는 음식점,황피구,분식집,1,영성기 특색국수 영성기 특색국수
9,쥐푸빌딩,3.49,3.48,3.48,4351,푸저우요리,황피구,푸저우요리,1,쥐푸러우쥐푸러우
9,싱푸시빙생일 케이크,3.68,3.68,3.68,34245,미식 빵 베이킹,황피구,빵을 베이킹하다,2,행복 서병 생일 케이크 행복 서병 생일 케이크 황피
9,호인연부식,3.57,3.57,3.57,34289,미식_더 많은 식품보건,황피구,더 많은 식품 보건,1,호인연 부식 호인연 부식
9,궈창샤브샤브닭,3.62,3.61,3.61,110,맛있는 음식_샤브샤브,황피구,샤브샤브,2,궈창샤브샤브 닭고기 궈창샤브샤브 닭부두
